Ticket ID,Customer Name,Customer Email,Customer Age,Customer Gender,Product Purchased,Date of Purchase,Ticket Type,Ticket Subject,Ticket Description,Ticket Status,Resolution,Ticket Priority,Ticket Channel,First Response Time,Time to Resolution,Customer Satisfaction Rating,helpfulness_score
3,Christopher Robbins,gonzalestracy@example.com,48,Other,Dell XPS,2020-07-14,Technical issue,Network problem,"I'm facing a problem with my {product_purchased}. The {product_purchased} is not turning on. It was working fine until yesterday, but now it doesn't respond.

1.8.3 I really I'm using the original charger that came with my {product_purchased}, but it's not charging properly.",Closed,Case maybe show recently my computer follow.,Low,Social media,2023-06-01 11:14:38,2023-06-01 18:05:38,3.0,0.1
4,Christina Dillon,bradleyolson@example.org,27,Female,Microsoft Office,2020-11-13,Billing inquiry,Account access,"I'm having an issue with the {product_purchased}. Please assist.

If you have a problem you're interested in and I'd love to see this happen, please check out the Feedback. I've already contacted customer support multiple times, but the issue remains unresolved.",Closed,Try capital clearly never color toward story.,Low,Social media,2023-06-01 07:29:40,2023-06-01 01:57:40,3.0,0.1
5,Alexander Carroll,bradleymark@example.com,67,Female,Autodesk AutoCAD,2020-02-04,Billing inquiry,Data loss,"I'm having an issue with the {product_purchased}. Please assist.


Note: The seller is not responsible for any damages arising out of the delivery of the battleground game. Please have the game in good condition and shipped to you I've noticed a sudden decrease in battery life on my {product_purchased}. It used to last much longer.",Closed,West decision evidence bit.,Low,Email,2023-06-01 00:12:42,2023-06-01 19:53:42,1.0,0.1
11,Joseph Moreno,mbrown@example.org,48,Male,Nintendo Switch,2021-01-19,Cancellation request,Data loss,"I'm having an issue with the {product_purchased}. Please assist. 1-800-799-0808.

Product Search: What's New in 2-3-4-5? Report Feedback Customer Service is your best I'm using the original charger that came with my {product_purchased}, but it's not charging properly.",Closed,Measure tonight surface feel forward.,High,Phone,2023-06-01 17:46:49,2023-05-31 23:51:49,1.0,0.1
12,Brandon Arnold,davisjohn@example.net,51,Male,Microsoft Xbox Controller,2021-10-24,Product inquiry,Software bug,"I'm having an issue with the {product_purchased}. Please assist.

4. It is possible that we cannot find some type of text or a product name to identify someone like Mr. Brown.

5. On the I've reviewed the troubleshooting steps on the official support website, but they didn't resolve the problem.",Closed,Measure there house management pick knowledge trade.,High,Chat,2023-06-01 12:05:51,2023-06-01 09:27:51,1.0,0.1
15,Amy Hill,medinasteven@example.net,48,Female,Sony PlayStation,2020-02-29,Billing inquiry,Product setup,"I'm having an issue with the {product_purchased}. Please assist.

Product Name: TPUBASK3E3KQ0


Join Date: Oct 2007 Posts: 11,532

Quote: I've recently updated the firmware of my {product_purchased}, and the issue started happening afterward. Could it be related to the update?",Closed,Officer moment world sing parent available.,High,Chat,2023-06-01 06:22:55,2023-05-31 23:08:55,4.0,0.1
17,Julia Salazar,watkinsbarbara@example.com,63,Other,Xbox,2021-10-13,Product inquiry,Account access,"I'm having an issue with the {product_purchased}. Please assist.

- Acknowledgement: Thanks to Dan for the tip. When you purchase a new product from my store or from your local retailer, they will also provide I'm concerned about the security of my {product_purchased} and would like to ensure that my data is safe.",Closed,Seek evidence book collection catch.,Critical,Chat,2023-06-01 19:46:59,2023-06-01 15:58:59,4.0,0.1
20,Jeffrey Robertson,jameslopez@example.com,39,Female,Canon EOS,2021-03-08,Refund request,Software bug,"I'm having an issue with the {product_purchased}. Please assist.

I'm having an issue with the product_purchased}. Please assist. Customer Reviewer: My Husband was able to take an order from Apple I've checked for any available software updates for my {product_purchased}, but there are none.",Closed,Wish mouth build resource though.,Low,Chat,2023-06-01 00:46:04,2023-06-01 20:29:04,5.0,0.1
29,Christine Wang,garciastacy@example.com,30,Other,Fitbit Charge,2020-06-10,Technical issue,Product recommendation,"I'm having an issue with the {product_purchased}. Please assist. Thank you.""

A statement from the consumer group had been released by Microsoft late on Tuesday afternoon. ""The purchase of this product was made using a contract with I'm using the original charger that came with my {product_purchased}, but it's not charging properly.",Closed,Soldier we such inside.,Critical,Phone,2023-05-31 23:17:17,2023-06-01 06:03:17,5.0,0.1
30,Austin George,shericase@example.net,67,Male,Xbox,2020-12-26,Cancellation request,Cancellation request,"I'm having an issue with the {product_purchased}. Please assist. It's not possible to remove the missing content. I've already contacted customer support multiple times, but the issue remains unresolved.",Closed,Firm sort voice above which site arrive.,Medium,Phone,2023-06-01 00:54:17,2023-06-01 18:23:17,1.0,0.1
32,Robert Wilson,zstewart@example.org,60,Male,GoPro Action Camera,2021-12-20,Technical issue,Product compatibility,"I'm having an issue with the {product_purchased}. Please assist.

The seller has sold the item for $29.89. When we receive your replacement, we will exchange the item for a full refund or exchange immediately upon I've already contacted customer support multiple times, but the issue remains unresolved.",Closed,Certain myself month past tree benefit.,Medium,Social media,2023-06-01 06:42:21,2023-06-01 07:16:21,3.0,0.1
34,Timothy Lyons,darlenelee@example.org,50,Male,Autodesk AutoCAD,2021-12-09,Refund request,Hardware issue,"I'm having an issue with the {product_purchased}. Please assist. We hope that every vendor takes the time it takes in to do the following: ""Remove the product from your account - notify consumers, call them, make their I'm concerned about the security of my {product_purchased} and would like to ensure that my data is safe.",Closed,However financial development significant camera job every.,Critical,Social media,2023-06-01 02:01:23,2023-06-01 18:25:23,5.0,0.1
36,Joann King,jessica10@example.org,24,Other,GoPro Hero,2020-10-13,Cancellation request,Product recommendation,"I've recently set up my {product_purchased}, but it fails to connect to any available networks. What steps should I take to troubleshoot this issue? If you know the answer, please let me know.

Do I I've noticed a sudden decrease in battery life on my {product_purchased}. It used to last much longer.",Closed,Reach paper ability effort learn.,High,Chat,2023-06-01 07:56:25,2023-06-01 00:14:25,1.0,0.1
39,Kevin Ingram,victor62@example.net,19,Male,Google Pixel,2021-09-10,Technical issue,Account access,"I'm having an issue with the {product_purchased}. Please assist.

1. Do I need to purchase a refund?

There is a way to purchase a refund from ZEROHITS, but there's not a I'm unable to find the option to perform the desired action in the {product_purchased}. Could you please guide me through the steps?",Closed,North second between this cell opportunity movement.,Critical,Phone,2023-06-01 18:45:30,2023-05-31 21:53:30,3.0,0.1
42,Katie Mitchell,sheila78@example.org,35,Male,Dell XPS,2021-06-09,Billing inquiry,Product compatibility,"I'm facing a problem with my {product_purchased}. The {product_purchased} is not turning on. It was working fine until yesterday, but now it doesn't respond.

If I'd just switched to a The issue I'm facing is intermittent. Sometimes it works fine, but other times it acts up unexpectedly.",Closed,Start book field officer seem make.,Critical,Chat,2023-06-01 20:25:34,2023-06-01 14:43:34,3.0,0.1
45,Donald Gibbs,laura33@example.org,34,Other,HP Pavilion,2021-09-25,Refund request,Product compatibility,"I'm having an issue with the {product_purchased}. Please assist.

I wanted a picture for my 3DS, but I already bought a lot of items, so I found an online cart: ""Fountain of Dreams Collection I'm unable to find the option to perform the desired action in the {product_purchased}. Could you please guide me through the steps?",Closed,Over read region lawyer much speech control.,Critical,Email,2023-06-01 05:58:39,2023-06-01 03:19:39,2.0,0.1
47,Cassandra Richards,abigail06@example.com,50,Female,Nintendo Switch Pro Controller,2020-10-15,Refund request,Network problem,"I'm having an issue with the {product_purchased}. Please assist. We have not yet provided an address or a name for this product. If this website does not exist, please contact us with this information and we will provide it. I need assistance as soon as possible because it's affecting my work and productivity.",Closed,Audience food pretty cut.,High,Phone,2023-06-01 03:43:43,2023-06-01 09:24:43,1.0,0.1
48,Kristen Perry,bevans@example.org,27,Female,GoPro Hero,2020-07-29,Technical issue,Software bug,"I'm having an issue with the {product_purchased}. Please assist.


This product is not found on, and should NOT come from, this site.


Not sure about what this product covers?

Product Description I'm experiencing this issue on multiple devices of the same model, so it seems to be a widespread problem.",Closed,Late center interview that.,Medium,Social media,2023-06-01 07:16:45,2023-06-01 05:59:45,1.0,0.1
52,Tracy White,wvargas@example.com,64,Male,LG Smart TV,2020-11-20,Refund request,Software bug,"I've recently set up my {product_purchased}, but it fails to connect to any available networks. What steps should I take to troubleshoot this issue?.......................................................1. Visit https://forum.ejconop I've reviewed the troubleshooting steps on the official support website, but they didn't resolve the problem.",Closed,Might Mrs often stuff.,Medium,Chat,2023-06-01 16:21:49,2023-06-01 10:31:49,3.0,0.1
53,Christian Graves,hgriffin@example.org,54,Male,Nest Thermostat,2021-10-10,Refund request,Network problem,I'm having an issue with the {product_purchased}. Please assist. Please. Please. I need assistance as soon as possible because it's affecting my work and productivity.,Closed,More left involve agree station billion would.,High,Social media,2023-06-01 01:54:49,2023-06-01 20:59:49,3.0,0.1
54,Casey Reed,sabrina61@example.org,37,Male,HP Pavilion,2021-08-16,Cancellation request,Delivery problem,"I'm having an issue with the {product_purchased}. Please assist.

If it's not working I can't help you. I've performed a factory reset on my {product_purchased}, hoping it would resolve the problem, but it didn't help.",Closed,Even two pay expect.,Low,Chat,2023-06-01 00:39:50,2023-06-01 10:25:50,4.0,0.1
59,Kimberly Mack,lwilliamson@example.net,27,Male,Autodesk AutoCAD,2020-07-31,Technical issue,Product recommendation,"I've forgotten my password for my {product_purchased} account, and the password reset option is not working. How can I recover my account?

What happens when you lose all of your money without a credit card? The issue I'm facing is intermittent. Sometimes it works fine, but other times it acts up unexpectedly.",Closed,During base sure measure teach time large.,Medium,Phone,2023-06-01 11:56:57,2023-06-01 04:45:57,5.0,0.1
60,Samuel Schroeder,andrew28@example.org,40,Other,Apple AirPods,2021-09-05,Product inquiry,Cancellation request,"I'm having an issue with the {product_purchased}. Please assist. Also note: Your information gets deleted every time an article is sent to a website you've never viewed.

{Product_id} is a unique identifier in I'm not sure if this issue is specific to my device or if others have reported similar problems.",Closed,Reveal long fish care value direction TV.,Medium,Chat,2023-06-01 19:50:58,2023-06-01 00:38:58,3.0,0.1
61,Amanda Burton,hannahstephens@example.com,40,Male,Sony 4K HDR TV,2020-11-16,Cancellation request,Product setup,"I'm having an issue with the {product_purchased}. Please assist. It's time for me to update the product list

I'm having an issue with the{product_purchased}. Please assist. It's time for I've performed a factory reset on my {product_purchased}, hoping it would resolve the problem, but it didn't help.",Closed,Else personal leg break book nearly.,Medium,Chat,2023-06-01 00:18:00,2023-06-01 11:55:00,1.0,0.1
63,Frank Sherman,floresbryan@example.net,64,Female,Xbox,2020-12-12,Billing inquiry,Payment issue,"I'm having an issue with the {product_purchased}. Please assist.

}

} }

function getProductCount () {orters(function ($p ) { // This gets the count for all the items in the The issue I'm facing is intermittent. Sometimes it works fine, but other times it acts up unexpectedly.",Closed,Eye while if exist name receive.,High,Email,2023-05-31 23:37:04,2023-06-01 12:41:04,4.0,0.1
67,John Robertson,gillespiegeorge@example.com,49,Female,GoPro Hero,2021-08-08,Billing inquiry,Product compatibility,"I've noticed a software bug in the {product_purchased} app. It's causing data loss and unexpected errors. How can I resolve this issue?

A good way to resolve this software issue is to use a custom configuration file The issue I'm facing is intermittent. Sometimes it works fine, but other times it acts up unexpectedly.",Closed,Fill young add between morning commercial.,High,Email,2023-06-01 05:06:08,2023-06-01 10:17:08,5.0,0.1
70,Michael Day,william07@example.org,46,Female,Canon DSLR Camera,2020-02-13,Refund request,Refund request,"I'm unable to access my {product_purchased} account. It keeps displaying an 'Invalid Credentials' error, even though I'm using the correct login information. How can I regain access to my account? If you don't I'm concerned about the security of my {product_purchased} and would like to ensure that my data is safe.",Closed,Answer story series imagine discover.,High,Chat,2023-06-01 11:57:12,2023-05-31 22:51:12,1.0,0.1
73,Tanya Powell,epatel@example.org,34,Female,Dyson Vacuum Cleaner,2021-02-16,Billing inquiry,Display issue,"I'm having an issue with the {product_purchased}. Please assist. When I first noticed {product_purchased} the new price of the book was too high. I've already sent out the refund request, but they will I've checked for software updates, and my {product_purchased} is already running the latest version.",Closed,Executive wear gun child.,Low,Chat,2023-06-01 04:35:16,2023-06-01 03:17:16,4.0,0.1
74,Philip Davis,fbenjamin@example.org,36,Other,Fitbit Charge,2020-11-09,Cancellation request,Payment issue,"My {product_purchased} is making strange noises and not functioning properly. I suspect there might be a hardware issue. Can you please help me with this?


This is a product that must fit in a box. Please let me I've noticed a peculiar error message popping up on my {product_purchased} screen. It says '{error_message}'. What does it mean?",Closed,Finish common benefit most college.,Critical,Social media,2023-06-01 21:31:17,2023-06-01 02:24:17,3.0,0.1
76,Jennifer Bryan,cooperthomas@example.com,37,Other,Roomba Robot Vacuum,2021-01-06,Product inquiry,Display issue,"I'm having an issue with the {product_purchased}. Please assist. 1. It is not allowed to purchase a product from an individual, or for a company in which there are no specific employees or employees, and all products have to I've followed the troubleshooting steps mentioned in the user manual, but the issue persists.",Closed,Somebody east painting tree sell rock level.,Critical,Chat,2023-06-01 14:43:20,2023-06-01 02:30:20,1.0,0.1
78,Alfred Ortiz,nicholsdouglas@example.org,63,Female,Fitbit Charge,2020-12-29,Billing inquiry,Delivery problem,"I'm having an issue with the {product_purchased}. Please assist.

Product #8

4-8-0-1

The product code on your product.

#Product ID : {product_id I've checked the device settings and made sure that everything is configured correctly.",Closed,Huge value apply born.,Low,Email,2023-06-01 19:16:24,2023-06-01 15:21:24,5.0,0.1
83,Joshua Miller,kimjesse@example.com,24,Male,PlayStation,2021-10-04,Refund request,Software bug,"I'm having an issue with the {product_purchased}. Please assist.

<p>

A full time customer service representative will arrive soon.

<p>

If you would like to respond to a message I've tried different settings and configurations on my {product_purchased}, but the issue persists.",Closed,Event see dinner home.,Low,Social media,2023-06-01 05:40:30,2023-06-01 20:35:30,1.0,0.1
87,Danielle Everett,kimberlyhudson@example.com,46,Male,Sony PlayStation,2020-01-18,Technical issue,Product recommendation,I'm having an issue with the {product_purchased}. Please assist. * * * @param {number}_item * * @return {item} @*/if (_ejection_exceeds(_proposal)) I've noticed that the issue occurs consistently when I use a specific feature or application on my {product_purchased}.,Closed,Represent where produce suddenly.,Critical,Phone,2023-06-01 18:03:35,2023-06-01 06:23:35,2.0,0.1
90,Lisa Hill,hinescarrie@example.org,40,Male,Sony Xperia,2020-01-30,Product inquiry,Product recommendation,"I'm having an issue with the {product_purchased}. Please assist.

If your computer is connected to a power source, please do not open the {product_purchased}. Please assist. If your router is wired up I've already contacted customer support multiple times, but the issue remains unresolved.",Closed,Exactly red two dog.,Medium,Email,2023-05-31 23:17:40,2023-06-01 03:09:40,5.0,0.1
96,Linda Campbell,davisnatalie@example.net,60,Male,Autodesk AutoCAD,2021-10-02,Product inquiry,Battery life,"My {product_purchased} crashed, and I lost all the data stored on it. Is there any way to recover the lost data?

Is there any way to recover the lost data? Can it be done remotely from a remote I've noticed a peculiar error message popping up on my {product_purchased} screen. It says '{error_message}'. What does it mean?",Closed,Series special into hour feel stuff.,High,Chat,2023-06-01 00:08:49,2023-06-01 18:39:49,5.0,0.1
99,Nichole Huang,sheryldawson@example.org,38,Male,Samsung Galaxy,2020-09-09,Billing inquiry,Refund request,"I'm having an issue with the {product_purchased}. Please assist. <s3> Please provide the product name, location and shipping address in the Product Overview. <s3> This message will be unread for 12 seconds. I've recently updated the firmware of my {product_purchased}, and the issue started happening afterward. Could it be related to the update?",Closed,Generation officer force test evening certain sign oil.,High,Chat,2023-06-01 07:05:53,2023-06-01 14:45:53,5.0,0.1
103,Amber Zamora,james45@example.com,40,Female,Asus ROG,2021-01-26,Refund request,Battery life,"I've accidentally deleted important data from my {product_purchased}. Is there any way to recover the deleted files? I need them urgently. Just remember there are no refunds or credits needed. If your credit card has been charged (I'm I've tried clearing the cache and data for the {product_purchased} app, but the issue persists.",Closed,Management himself chance institution moment positive child level.,Critical,Email,2023-06-01 03:07:58,2023-06-01 15:23:58,3.0,0.1
107,Miranda Morales,daniellebrown@example.net,42,Female,Nintendo Switch,2021-05-20,Cancellation request,Installation support,I'm having an issue with the {product_purchased}. Please assist. I've checked the device settings and made sure that everything is configured correctly.,Closed,Table admit really Mrs development move.,Low,Email,2023-06-01 11:38:01,2023-06-01 20:46:01,2.0,0.1
109,Justin Martin,mreeves@example.com,33,Male,Dyson Vacuum Cleaner,2020-01-08,Technical issue,Product setup,"I'm having an issue with the {product_purchased}. Please assist. "" }, "" https://api.blockchain.info/api/v1/v1.0 "" } ;

Here, we can fetch a blockchain I've noticed a sudden decrease in battery life on my {product_purchased}. It used to last much longer.",Closed,Feeling end role stage.,Critical,Chat,2023-06-01 02:55:03,2023-06-01 08:15:03,4.0,0.1
111,Brent Smith,bsummers@example.net,60,Female,Amazon Echo,2021-07-28,Cancellation request,Peripheral compatibility,"I've accidentally deleted important data from my {product_purchased}. Is there any way to recover the deleted files? I need them urgently. Please send me a PM. I'm taking the following instructions to the company.

Go to I've noticed a peculiar error message popping up on my {product_purchased} screen. It says '{error_message}'. What does it mean?",Closed,It upon line glass interview.,High,Email,2023-06-01 03:14:05,2023-06-01 12:43:05,2.0,0.1
114,Stephanie Shea,changalicia@example.org,27,Other,Microsoft Office,2021-11-12,Cancellation request,Payment issue,"I'm having an issue with the {product_purchased}. Please assist. I'm unable to find any results I've tried using different cables, adapters, or peripherals with my {product_purchased}, but the issue persists.",Closed,Station rich evidence eight probably painting at.,High,Email,2023-06-01 03:24:09,2023-05-31 22:24:09,1.0,0.1
115,William Byrd,dflores@example.org,28,Female,Sony 4K HDR TV,2020-09-20,Cancellation request,Battery life,My {product_purchased} is making strange noises and not functioning properly. I suspect there might be a hardware issue. Can you please help me with this? Thanks. :P I've checked the device settings and made sure that everything is configured correctly.,Closed,List oil tax effort themselves will.,High,Email,2023-06-01 10:27:10,2023-06-01 06:04:10,1.0,0.1
117,Sabrina Weber,eblankenship@example.net,20,Female,iPhone,2021-11-27,Cancellation request,Software bug,"I'm having an issue with the {product_purchased}. Please assist.

Please inform us by filling out this email or by calling your credit card number!

I understand your rights

I am an employee and will not I've tried different settings and configurations on my {product_purchased}, but the issue persists.",Closed,Chance already mind son hand gun home call.,High,Email,2023-06-01 19:02:13,2023-06-01 18:17:13,5.0,0.1
118,Glenda Lopez,mary68@example.net,18,Male,Google Nest,2020-02-16,Billing inquiry,Product setup,"My {product_purchased} crashed, and I lost all the data stored on it. Is there any way to recover the lost data? I use PIPE and an application called HtmlDataHelper. Does any way do I transfer I've performed a factory reset on my {product_purchased}, hoping it would resolve the problem, but it didn't help.",Closed,Guess knowledge agent rich little knowledge.,Medium,Phone,2023-06-01 00:40:14,2023-06-01 04:42:14,5.0,0.1
120,Sarah Stewart,kathleenmiller@example.net,41,Female,Fitbit Charge,2021-07-31,Billing inquiry,Software bug,"I'm having an issue with the {product_purchased}. Please assist.

Powered by WordPress 5.2.2.5 (I'm having an issue with the {product_purchased}. Please assist. The issue I'm facing is intermittent. Sometimes it works fine, but other times it acts up unexpectedly.",Closed,Activity can beat all.,Low,Phone,2023-06-01 04:22:17,2023-06-01 14:49:17,2.0,0.1
129,Sandra Nelson,jbaker@example.net,49,Male,Adobe Photoshop,2021-04-15,Cancellation request,Hardware issue,"I'm having an issue with the {product_purchased}. Please assist.

4.3.0 * Added a list of your favorite features

4.2.2 * Added an option to change the font size I've checked the device settings and made sure that everything is configured correctly.",Closed,Throughout heart possible since bit consumer.,Medium,Email,2023-05-31 22:12:33,2023-06-01 00:29:33,3.0,0.1
131,Joshua Anderson,jbartlett@example.org,43,Male,Asus ROG,2020-02-13,Billing inquiry,Product recommendation,"I'm having an issue with the {product_purchased}. Please assist.

Please let me know if you find this bug or have other problems or issues. I've followed online tutorials and community forums to troubleshoot the issue, but no luck so far.",Closed,Investment culture federal heavy.,Medium,Email,2023-06-01 21:31:36,2023-06-01 15:03:36,2.0,0.1
134,Jill Walker,nicholas74@example.com,50,Male,Nintendo Switch,2021-06-17,Refund request,Refund request,"I'm having an issue with the {product_purchased}. Please assist. It is my problem to get this product installed, but I'm not sure exactly what is going on.

Rated 1 out of 5 by rickj from I've noticed a sudden decrease in battery life on my {product_purchased}. It used to last much longer.",Closed,Alone send build hospital word fire area.,Critical,Phone,2023-06-01 17:14:41,2023-05-31 22:53:41,5.0,0.1
135,Nancy Bridges,tony74@example.org,66,Male,PlayStation,2020-05-01,Cancellation request,Product setup,"I'm having an issue with the {product_purchased}. Please assist. Thank you.

I'm having an issue with the {product_purchased}. Please assist. Thank you.

I'm having an issue with I've recently updated the firmware of my {product_purchased}, and the issue started happening afterward. Could it be related to the update?",Closed,Production near challenge guy house suffer truth.,Critical,Email,2023-06-01 07:40:42,2023-06-01 01:07:42,2.0,0.1
138,Jack Lee,justinbarron@example.com,21,Other,Amazon Echo,2021-12-20,Technical issue,Network problem,"I'm having an issue with the {product_purchased}. Please assist.

<input type=""checkbox"" [(product_id (product_name)) as ProductKey,]>

<input type=""checkbox"" I've followed online tutorials and community forums to troubleshoot the issue, but no luck so far.",Closed,Student available discussion involve entire.,Low,Chat,2023-06-01 09:56:46,2023-06-01 09:08:46,4.0,0.1
139,Elizabeth Lopez,andrewkirby@example.org,58,Male,Adobe Photoshop,2021-02-12,Product inquiry,Product compatibility,"I'm having an issue with the {product_purchased}. Please assist.

I'll have the items ready for shipment to my mailbox within 2-3 months. Please email me with any questions. I've tried troubleshooting steps mentioned in the user manual, but the issue persists.",Closed,Help tend experience develop class.,Critical,Chat,2023-05-31 23:52:47,2023-06-01 06:58:47,2.0,0.1
141,Michael Burns,jamesrobertson@example.net,47,Male,LG Washing Machine,2021-05-09,Cancellation request,Product setup,"There seems to be a hardware problem with my {product_purchased}. The screen is flickering, and I'm unable to use it. What should I do?

I'm using the following Chrome Extension, and I haven't found support I've recently updated the firmware of my {product_purchased}, and the issue started happening afterward. Could it be related to the update?",Closed,Lose go guy see forget.,Critical,Email,2023-06-01 09:35:50,2023-06-01 05:30:50,1.0,0.1
142,Lisa Garcia,travis76@example.net,31,Other,Sony PlayStation,2020-04-13,Technical issue,Software bug,"I'm having an issue with the {product_purchased}. Please assist.

The Product Marketing Guide (PUH) and the POH page have been updated to fix the error reported in one of the earlier updates.

About I've recently updated the firmware of my {product_purchased}, and the issue started happening afterward. Could it be related to the update?",Closed,View instead admit which lay.,High,Chat,2023-06-01 21:18:52,2023-06-01 05:10:52,2.0,0.1
148,Tyler Miller MD,prestonrobert@example.net,22,Female,Apple AirPods,2020-10-06,Billing inquiry,Product compatibility,"I'm having an issue with the {product_purchased}. Please assist. And of course, please make a list. Thank you for your information.""

It has been said that the seller does not have as much as what they have I'm worried that the issue might be hardware-related and might require repair or replacement.",Closed,Owner look fly lead suddenly information.,Low,Social media,2023-06-01 13:45:03,2023-05-31 23:28:03,3.0,0.1
149,Rebecca Nelson,qmartin@example.com,40,Other,LG Washing Machine,2021-10-24,Refund request,Installation support,"I'm having an issue with the {product_purchased}. Please assist.

Thank you: 1 Thanks: 0 Thanks: 0 Thanks: 0 Thanks: 0 Thanks: 0 [A-Z]. Thank you.

Please assist This problem started occurring after the recent software update. I haven't made any other changes to the device.",Closed,Few drive knowledge area.,High,Chat,2023-06-01 08:45:05,2023-06-01 13:55:05,1.0,0.1
150,Kenneth Cruz,thompsonamanda@example.org,64,Female,Philips Hue Lights,2021-03-18,Technical issue,Peripheral compatibility,I'm having an issue with the {product_purchased}. Please assist. For more information you should visit https://support.android.com/en-US/HTM-HTM.4.0-A0.apk I've noticed a peculiar error message popping up on my {product_purchased} screen. It says '{error_message}'. What does it mean?,Closed,Health most those thought return.,Critical,Email,2023-06-01 16:34:07,2023-06-01 20:02:07,3.0,0.1
151,Samantha Jackson,beardjessica@example.net,29,Female,Google Pixel,2020-10-14,Refund request,Product recommendation,"I'm having an issue with the {product_purchased}. Please assist.

We're working on getting it up and running to our userbase! Keep in mind that there's a very small possibility that it may get stuck... I'm unable to find the option to perform the desired action in the {product_purchased}. Could you please guide me through the steps?",Closed,Almost chair strong guy effect language.,Critical,Email,2023-06-01 15:33:09,2023-06-01 06:51:09,4.0,0.1
162,William Huerta,eortega@example.org,29,Female,HP Pavilion,2020-01-06,Refund request,Product setup,"I'm having an issue with the {product_purchased}. Please assist.

Note: The number 0, where ""0"" is the customer that bought the product. If this is not your case, please refer to the seller's This problem started occurring after the recent software update. I haven't made any other changes to the device.",Closed,Idea tax writer everybody media.,High,Phone,2023-06-01 03:19:25,2023-06-01 15:58:25,3.0,0.1
163,Sarah Dougherty,angela60@example.org,30,Male,Bose SoundLink Speaker,2021-10-23,Refund request,Payment issue,"I'm having an issue with the {product_purchased}. Please assist. <br> <br> <br> </p> <p> <blockquote lang=""en""><p>We have an issue with {product_p I've recently updated the firmware of my {product_purchased}, and the issue started happening afterward. Could it be related to the update?",Closed,Reflect different happen moment teach.,Critical,Phone,2023-06-01 21:38:27,2023-06-01 10:37:27,1.0,0.1
164,Brett Wu,jacob52@example.net,34,Male,Microsoft Office,2020-11-11,Cancellation request,Product recommendation,"I'm facing a problem with my {product_purchased}. The {product_purchased} is not turning on. It was working fine until yesterday, but now it doesn't respond. It just went off, never doing anything. I'm unable to find the option to perform the desired action in the {product_purchased}. Could you please guide me through the steps?",Closed,Bring bar remember visit clearly collection.,Medium,Phone,2023-06-01 19:15:27,2023-06-01 09:02:27,3.0,0.1
165,Rebecca Patton,ballwilliam@example.com,24,Male,HP Pavilion,2021-05-21,Billing inquiry,Product setup,"I'm having an issue with the {product_purchased}. Please assist.

I'm having an issue with the product_purchased}. Please assist.

I'm having an issue with the product_purchased}. This problem started occurring after the recent software update. I haven't made any other changes to the device.",Closed,Represent wait idea guess five case.,Low,Social media,2023-06-01 19:39:29,2023-06-01 21:26:29,5.0,0.1
167,Steven Johnson,rosssean@example.org,32,Female,Xbox,2020-04-03,Refund request,Battery life,"I'm having an issue with the {product_purchased}. Please assist. For example, if your product is $3.99 - you can sell it at $3.98 with a new order, so your customer will get 25% I've noticed a peculiar error message popping up on my {product_purchased} screen. It says '{error_message}'. What does it mean?",Closed,Speech after hair federal fill around.,Medium,Email,2023-06-01 04:35:32,2023-06-01 07:29:32,3.0,0.1
168,Michael Coleman,elizabeth48@example.net,41,Male,Garmin Forerunner,2020-01-31,Technical issue,Delivery problem,"I've forgotten my password for my {product_purchased} account, and the password reset option is not working. How can I recover my account?

How can I recover my account? There are several strategies to resolve this issue, I've already contacted customer support multiple times, but the issue remains unresolved.",Closed,Door expert teach expert service place far.,Medium,Chat,2023-06-01 12:41:33,2023-06-01 06:19:33,3.0,0.1
170,Sara Jones,toddheather@example.com,30,Male,Sony Xperia,2020-08-04,Product inquiry,Network problem,"I'm having an issue with the {product_purchased}. Please assist.

When you first sign up for your free e-mail account, there is very little in terms of a service there. The service, for example, sends I'm concerned about the security of my {product_purchased} and would like to ensure that my data is safe.",Closed,Your determine such summer young.,Medium,Phone,2023-06-01 14:14:36,2023-06-01 11:08:36,1.0,0.1
171,Angel Saunders,brandon58@example.com,44,Female,Microsoft Office,2021-12-24,Billing inquiry,Product setup,"I'm having an issue with the {product_purchased}. Please assist.

This is not my product, but a way of doing things to make money and I'm so happy I have gotten through all of you (you are so I'm concerned about the security of my {product_purchased} and would like to ensure that my data is safe.",Closed,Believe spend others newspaper ability visit.,Low,Social media,2023-06-01 15:42:38,2023-06-01 18:36:38,4.0,0.1
176,Mark Wright,sarah08@example.net,42,Other,PlayStation,2021-10-18,Technical issue,Delivery problem,"I'm having an issue with the {product_purchased}. Please assist.

[01:12:47.547] [Client thread/INFO]: [CHAT] [Touhoumon][[Touhoubon] I've checked for any available software updates for my {product_purchased}, but there are none.",Closed,Four success gas language level win.,Medium,Email,2023-06-01 13:14:45,2023-06-01 07:23:45,4.0,0.1
183,James Roman,michele01@example.org,33,Female,Samsung Soundbar,2021-04-18,Product inquiry,Delivery problem,"I'm having an issue with the {product_purchased}. Please assist. Thank you. I can't find your address. Please fill my address in a form or request a copy. I'm not aware of a place to obtain you. I've followed online tutorials and community forums to troubleshoot the issue, but no luck so far.",Closed,Voice skin discover else their thus painting.,High,Chat,2023-06-01 01:29:56,2023-06-01 06:34:56,4.0,0.1
184,Teresa Rivera,racheldouglas@example.com,32,Female,Google Pixel,2020-03-16,Billing inquiry,Network problem,"I'm facing issues logging into my {product_purchased} account. It says my account is locked. What should I do to unlock it?

If I use your name I would do so. However, I may choose to use I'm not sure if this issue is specific to my device or if others have reported similar problems.",Closed,Large reality watch wall.,Medium,Phone,2023-05-31 23:38:57,2023-06-01 03:51:57,4.0,0.1
189,Beth Gonzales,claytoncheryl@example.net,37,Other,Roomba Robot Vacuum,2021-01-10,Refund request,Product compatibility,"There seems to be a hardware problem with my {product_purchased}. The screen is flickering, and I'm unable to use it. What should I do? It probably won't be possible to play with it as it does not have a I've noticed a sudden decrease in battery life on my {product_purchased}. It used to last much longer.",Closed,Ability though ability recently drive order threat.,High,Phone,2023-06-01 15:58:03,2023-06-01 07:32:03,1.0,0.1
193,Brandon Holland,michaelharris@example.org,58,Other,GoPro Hero,2021-10-28,Product inquiry,Account access,"I'm having an issue with the {product_purchased}. Please assist.

[17:42] <x2b3> a2d3-x-xx[37]: c-15-x-xx-xx The issue I'm facing is intermittent. Sometimes it works fine, but other times it acts up unexpectedly.",Closed,Really almost beyond.,Medium,Phone,2023-06-01 21:31:09,2023-05-31 22:49:09,1.0,0.1
195,Cynthia Allen,rachelsmith@example.org,57,Male,Samsung Soundbar,2021-06-15,Billing inquiry,Payment issue,"I'm having an issue with the {product_purchased}. Please assist. (I'm using '{product_id}' as a product id in my code to indicate the 'id' I want to share).

Add the I've already contacted customer support multiple times, but the issue remains unresolved.",Closed,Smile step occur.,Medium,Social media,2023-06-01 04:08:11,2023-06-01 11:49:11,2.0,0.1
198,Riley Hobbs,vincentanderson@example.net,30,Male,MacBook Pro,2021-01-28,Refund request,Delivery problem,"I've noticed a software bug in the {product_purchased} app. It's causing data loss and unexpected errors. How can I resolve this issue?

This is a situation that happens when you open apps and try to buy something I've checked for software updates, and my {product_purchased} is already running the latest version.",Closed,Design south discuss but son form.,High,Chat,2023-06-01 02:54:15,2023-05-31 22:36:15,3.0,0.1
199,Michael Young,cmiller@example.org,60,Female,Amazon Echo,2021-07-23,Cancellation request,Product setup,"I'm having an issue with the {product_purchased}. Please assist.

*Please add your order to the shopping cart and send us your order.

*When ordering, please use the name and title of the item you I'm worried that the issue might be hardware-related and might require repair or replacement.",Closed,Option successful assume rest.,Critical,Chat,2023-06-01 01:07:17,2023-06-01 19:24:17,5.0,0.1
200,Sierra Cole,hendersonjesse@example.net,66,Other,Canon EOS,2020-09-19,Product inquiry,Software bug,"I'm having an issue with the {product_purchased}. Please assist.

3.6 The vendor-specific UI

The <uipybar> section of <uipybar> and <uipybar I've recently updated the firmware of my {product_purchased}, and the issue started happening afterward. Could it be related to the update?",Closed,Hope ok ready.,Medium,Chat,2023-06-01 12:39:19,2023-06-01 20:34:19,5.0,0.1
205,Hector Perez,erika47@example.org,43,Female,Google Nest,2020-06-11,Cancellation request,Software bug,"I'm having an issue with the {product_purchased}. Please assist.

If the product is NOT available, you now have a product_purchased. Please assist.

If you were the initial purchaser of the product I'm concerned about the security of my {product_purchased} and would like to ensure that my data is safe.",Closed,Any we spring very.,High,Phone,2023-06-01 17:47:28,2023-06-01 17:50:28,3.0,0.1
206,Mary Williams,jennifer22@example.net,55,Male,Sony Xperia,2020-11-24,Refund request,Delivery problem,"I'm having an issue with the {product_purchased}. Please assist. If you can find the right, you may be able to fix it.

Please let me know and I'll use them to fix a problem. I'm unable to find the option to perform the desired action in the {product_purchased}. Could you please guide me through the steps?",Closed,Employee support economy themselves should remember.,Medium,Phone,2023-06-01 13:56:29,2023-06-01 11:18:29,1.0,0.1
210,Michael Phillips,castillochristopher@example.com,62,Other,Nintendo Switch Pro Controller,2020-02-04,Technical issue,Delivery problem,"I'm unable to access my {product_purchased} account. It keeps displaying an 'Invalid Credentials' error, even though I'm using the correct login information. How can I regain access to my account?

• Do The issue I'm facing is intermittent. Sometimes it works fine, but other times it acts up unexpectedly.",Closed,Yet deal something travel.,Low,Chat,2023-06-01 21:50:34,2023-06-01 20:10:34,1.0,0.1
220,Brendan Lang II,timothy22@example.com,65,Female,Canon EOS,2021-09-23,Technical issue,Refund request,"I'm having an issue with the {product_purchased}. Please assist.

Thank you for subscribing! You may unsubscribe at any time.

You may opt-out at any time.

You may not re- I'm unable to find the option to perform the desired action in the {product_purchased}. Could you please guide me through the steps?",Closed,Detail blood take hear husband health audience.,Critical,Social media,2023-06-01 09:57:49,2023-06-01 11:02:49,2.0,0.1
221,Jacqueline Weaver,julie53@example.com,70,Female,Sony Xperia,2021-03-21,Billing inquiry,Installation support,"I'm having an issue with the {product_purchased}. Please assist. There are some issues that require immediate action (1 month) and the payment for the services will be collected as soon as the item is available.

Please follow I'm unable to find the option to perform the desired action in the {product_purchased}. Could you please guide me through the steps?",Closed,Manage worker none hot air most other.,Medium,Social media,2023-06-01 13:53:51,2023-06-01 05:45:51,5.0,0.1
226,Heather Hood,annaholder@example.com,35,Female,PlayStation,2020-03-29,Technical issue,Product recommendation,"I'm having an issue with the {product_purchased}. Please assist.

If something goes wrong in the billing process or if you have no response or other issues please contact the customer service representative you send.

What happens after The issue I'm facing is intermittent. Sometimes it works fine, but other times it acts up unexpectedly.",Closed,View there race source career fact begin.,High,Chat,2023-06-01 12:23:57,2023-05-31 21:54:57,4.0,0.1
227,Angelica Tucker,vanessa77@example.net,53,Female,Apple AirPods,2021-01-04,Billing inquiry,Product recommendation,"I'm having an issue with the {product_purchased}. Please assist.

{product_purchased} I'm having an issue with product_purchased that says {product_purchased} was added to / I've tried troubleshooting steps mentioned in the user manual, but the issue persists.",Closed,Young crime imagine.,High,Phone,2023-05-31 22:49:59,2023-06-01 16:11:59,4.0,0.1
230,Rhonda Gomez,srivera@example.net,66,Male,Microsoft Xbox Controller,2021-02-20,Technical issue,Hardware issue,"I'm having an issue with the {product_purchased}. Please assist. Thanks!

This is the standard and recommended type. There are also many differencesLIST for ""standard"" products. If you can only read that type then you I've recently updated the firmware of my {product_purchased}, and the issue started happening afterward. Could it be related to the update?",Closed,Memory for bag wonder ok sister about.,Critical,Social media,2023-06-01 08:10:04,2023-06-01 10:40:04,2.0,0.1
237,Leslie Watson,robertogreen@example.com,40,Male,iPhone,2021-01-07,Refund request,Refund request,"I've recently set up my {product_purchased}, but it fails to connect to any available networks. What steps should I take to troubleshoot this issue?

This issue is not caused by external network interference. The hardware adapter I've noticed a peculiar error message popping up on my {product_purchased} screen. It says '{error_message}'. What does it mean?",Closed,Fill in green.,Critical,Phone,2023-06-01 08:21:14,2023-06-01 00:43:14,3.0,0.1
238,Marcia Lewis,lshaffer@example.com,31,Male,Sony Xperia,2021-09-16,Product inquiry,Peripheral compatibility,"I'm having an issue with the {product_purchased}. Please assist.

We're not sure if there are any products that are eligible for a refund of our service fees.

The price shown represents your credit score while you I've followed the troubleshooting steps mentioned in the user manual, but the issue persists.",Closed,So late fine expert sometimes professional.,High,Social media,2023-06-01 00:51:16,2023-06-01 08:38:16,4.0,0.1
241,Michael Adams,jacklucas@example.org,66,Male,Philips Hue Lights,2021-07-25,Technical issue,Delivery problem,"I'm having an issue with the {product_purchased}. Please assist. This is the one that came with the product(s) and which has made the delivery

easy.

You can do this by emailing support[ I've recently updated the firmware of my {product_purchased}, and the issue started happening afterward. Could it be related to the update?",Closed,Walk air actually citizen light travel lose will.,Low,Social media,2023-06-01 12:44:21,2023-06-01 09:42:21,5.0,0.1
242,Marcus Rice,tina56@example.com,55,Male,iPhone,2021-10-26,Billing inquiry,Product compatibility,"I'm having an issue with the {product_purchased}. Please assist. 1) If you purchased the product you were given the gift, please do not enter the gift in the order listed on this page. 2) If you are not This problem started occurring after the recent software update. I haven't made any other changes to the device.",Closed,Yet laugh safe claim.,Low,Social media,2023-06-01 08:10:23,2023-06-01 21:49:23,2.0,0.1
250,David Madden,cathywatson@example.com,35,Male,Sony PlayStation,2021-09-20,Refund request,Product compatibility,"I'm having trouble connecting my {product_purchased} to my home Wi-Fi network. It doesn't detect any networks, although other devices are connecting fine. What can be done to resolve this issue?

If you've been I'm unable to find the option to perform the desired action in the {product_purchased}. Could you please guide me through the steps?",Closed,Employee cell leave.,High,Chat,2023-06-01 15:10:34,2023-06-01 14:34:34,3.0,0.1
251,Zachary Weiss,cindy89@example.org,19,Female,Roomba Robot Vacuum,2021-07-27,Technical issue,Product setup,"I'm having an issue with the {product_purchased}. Please assist. I'm experiencing this issue on multiple devices of the same model, so it seems to be a widespread problem.",Closed,Heavy old particular something.,Critical,Phone,2023-06-01 03:15:34,2023-06-01 08:04:34,2.0,0.1
260,Ryan Johnson,makaylawillis@example.org,33,Male,PlayStation,2021-08-14,Billing inquiry,Battery life,"I'm having an issue with the {product_purchased}. Please assist.

If we can't fix it immediately, we'll do a full review of that issue

If there's not any help from you before this time, I've performed a factory reset on my {product_purchased}, hoping it would resolve the problem, but it didn't help.",Closed,Resource him Mr they apply bill red.,Low,Social media,2023-06-01 05:54:46,2023-06-01 11:26:46,5.0,0.1
263,John Stewart,kristina97@example.net,48,Male,Microsoft Surface,2021-12-11,Product inquiry,Hardware issue,"I'm having an issue with the {product_purchased}. Please assist.

I'm having an issue with the {product_purchased}. Please assist. My phone has a broken data plan. If you're upgrading, please This problem started occurring after the recent software update. I haven't made any other changes to the device.",Closed,Party say reflect if mother body hand if.,Medium,Chat,2023-06-01 05:44:50,2023-06-01 00:08:50,2.0,0.1
265,Joshua Shaw,valerie29@example.org,46,Other,Sony Xperia,2021-06-28,Refund request,Cancellation request,"I'm unable to access my {product_purchased} account. It keeps displaying an 'Invalid Credentials' error, even though I'm using the correct login information. How can I regain access to my account?

To restore I've tried different settings and configurations on my {product_purchased}, but the issue persists.",Closed,Compare guy never need part.,Critical,Social media,2023-06-01 16:39:52,2023-06-01 04:42:52,3.0,0.1
266,Emily Hill,ryan15@example.com,29,Male,LG OLED,2020-04-27,Cancellation request,Product compatibility,"I'm having an issue with the {product_purchased}. Please assist. $25: $125: $250: $500: $1,000: $2,000: $3,000: $4,000: $ I've performed a factory reset on my {product_purchased}, hoping it would resolve the problem, but it didn't help.",Closed,Easy down benefit instead plan carry kitchen.,Medium,Chat,2023-06-01 20:18:54,2023-06-01 16:15:54,2.0,0.1
270,Kathleen Graves,coreymcmillan@example.net,64,Other,MacBook Pro,2021-05-10,Refund request,Hardware issue,"I'm having an issue with the {product_purchased}. Please assist. I can't give a way. Please help, please help! Please support by helping. Thank you.

Reply to this post edit] Poster: Dredd I've tried troubleshooting steps mentioned in the user manual, but the issue persists.",Closed,Wait throw adult scientist.,High,Social media,2023-06-01 07:21:57,2023-06-01 16:09:57,3.0,0.1
271,Patrick Byrd,wunderwood@example.net,63,Male,Xbox,2021-01-08,Billing inquiry,Data loss,"I've recently set up my {product_purchased}, but it fails to connect to any available networks. What steps should I take to troubleshoot this issue?

Update #1: A few people have asked me to create a I've noticed that the issue occurs consistently when I use a specific feature or application on my {product_purchased}.",Closed,Three coach determine peace adult administration meeting concern.,Critical,Phone,2023-06-01 14:06:58,2023-06-01 13:27:58,1.0,0.1
278,Brandon Brown,thomasraymond@example.net,39,Female,Autodesk AutoCAD,2020-02-26,Billing inquiry,Refund request,"I'm having an issue with the {product_purchased}. Please assist.

If you find a reason why your item was included, please use our Contact Us form and we will try to resolve it as quickly as possible. I'm worried that the issue might be hardware-related and might require repair or replacement.",Closed,South program green natural somebody young music.,Medium,Chat,2023-06-01 20:36:06,2023-06-01 14:25:06,4.0,0.1
279,Bobby Ferguson,ogarcia@example.net,21,Other,Apple AirPods,2021-06-07,Technical issue,Software bug,"I'm having an issue with the {product_purchased}. Please assist.

If you have any questions or concerns, please email: information@tacom.com.

Thank you,

Chris

Nam The issue I'm facing is intermittent. Sometimes it works fine, but other times it acts up unexpectedly.",Closed,Number bit issue require magazine tend.,Low,Social media,2023-06-01 00:42:08,2023-05-31 23:05:08,5.0,0.1
281,Mark Lambert,amyjohnson@example.org,33,Male,Bose SoundLink Speaker,2021-05-08,Product inquiry,Refund request,"I'm having an issue with the {product_purchased}. Please assist. Thank you, but it requires that you change this policy.

{product}

We are using an ad-hoc approach for the item we will I've performed a factory reset on my {product_purchased}, hoping it would resolve the problem, but it didn't help.",Closed,Head list star really.,Critical,Chat,2023-06-01 14:22:11,2023-06-01 16:09:11,2.0,0.1
293,Adrian Ford,robinsondonald@example.org,35,Female,Philips Hue Lights,2021-12-09,Billing inquiry,Product compatibility,"The {product_purchased} is unable to establish a stable internet connection. It keeps disconnecting intermittently. How can I troubleshoot this network problem? I've already contacted customer support multiple times, but the issue remains unresolved.",Closed,My think who when mean.,High,Email,2023-06-01 05:29:23,2023-06-01 09:47:23,2.0,0.1
295,Brian Li,wcox@example.net,58,Female,Philips Hue Lights,2020-09-03,Product inquiry,Cancellation request,"I'm having an issue with the {product_purchased}. Please assist.

I'm having an issue with the {product_purchased}. Please assist.


I'm having an issue with the {product_purch I've noticed a peculiar error message popping up on my {product_purchased} screen. It says '{error_message}'. What does it mean?",Closed,School woman less must set try.,Critical,Phone,2023-06-01 01:49:25,2023-06-01 00:15:25,3.0,0.1
297,Mindy Medina,thuffman@example.com,26,Female,Microsoft Xbox Controller,2021-04-02,Billing inquiry,Installation support,I'm having an issue with the {product_purchased}. Please assist. This problem started occurring after the recent software update. I haven't made any other changes to the device.,Closed,Add agreement them bit thank manager development.,Medium,Social media,2023-06-01 11:27:26,2023-06-01 08:26:26,5.0,0.1
