subject,body,language,type,priority
Account Disruption,"Dear Customer Support Team,\n\nI am writing to report a significant problem with the centralized account management portal, which currently appears to be offline. This outage is blocking access to account settings, leading to substantial inconvenience. I have attempted to log in multiple times using different browsers and devices, but the issue persists.\n\nCould you please provide an update on the outage status and an estimated time for resolution? Also, are there any alternative ways to access and manage my account during this downtime?",en,Incident,high
Query About Smart Home System Integration Features,"Dear Customer Support Team,\n\nI hope this message reaches you well. I am reaching out to request detailed information about the capabilities of your smart home integration products listed on your website. As a potential customer aiming to develop a seamlessly interconnected home environment, it is essential to understand how your products interact with various smart home platforms.\n\nCould you kindly provide detailed compatibility information with popular smart home ecosystems such as Amazon Alexa, Google Assistant, and Apple?",en,Request,medium
Inquiry Regarding Invoice Details,"Dear Customer Support Team,\n\nI hope this message finds you well. I am reaching out to request clarification about the billing and payment procedures linked to my account. Recently, I observed some inconsistencies in the charges applied and would like to ensure I fully understand the billing cycle, accepted payment options, and any potential extra charges.\n\nFirstly, I would be grateful if you could provide a detailed explanation of how the billing cycle functions. Specifically, I am interested in knowing the start and end dates.\n\nThank you for your assistance regarding these billing inquiries.",en,Request,low
Question About Marketing Agency Software Compatibility,"Dear Support Team,\n\nI hope this message reaches you well. I am reaching out to ask about the compatibility of your products with the specific needs of marketing agencies. Our company is considering adopting these solutions to streamline our current marketing processes and wants to confirm that the products are fully compatible with the tools and platforms we currently utilize.\n\nCould you please supply detailed information regarding the compatibility of your products with popular marketing software, CRM systems, email marketing applications, and analytics platforms? Additionally, I would appreciate any relevant case studies or documentation tailored to our use case.",en,Problem,medium
Feature Query,"Dear Customer Support,\n\nI hope this message reaches you in good health. I am eager to learn more about the features of one of your products. Would you be able to share comprehensive details about its functionalities, specifications, and any distinctive characteristics it may possess? Additionally, if there are user manuals, tutorials, or demonstration videos available, I would be grateful if you could provide those resources. Gaining a thorough understanding of the features will assist me in making an informed decision regarding the product.\n\nThank you very much for your assistance. I look forward to your prompt reply.\n\nBest regards",en,Request,high
System Interruptions,"Dear Customer Support Team,\n\nI am submitting a report regarding multiple system service disruptions that are currently interfering with project operations and client interactions. These interruptions have notably reduced efficiency and caused delays in meeting important deadlines.\n\nInitial assessments suggest that the primary issue may be linked to widespread failures in network hardware connectivity. We have already carried out several basic troubleshooting procedures, such as rebooting devices and performing initial system checks, but the problems persist.",en,Incident,high
Connectivity Problems with Printer on MacBook Pro,"Dear Support Team,\n\nI am reporting a recurring issue with the Laser Printer when printing from MacBook Pros running macOS 15. Several team members have recently encountered this problem, which appears to be connected to the latest macOS 15 system updates.\n\nWe believe the root cause might be a driver compatibility issue due to the updated operating systems or printer firmware. To troubleshoot, we have restarted the printers and MacBook devices, reinstalled the printer drivers, and verified configurations.",en,Incident,medium
VPN Access Issue,"Customer Support,\n\nWe are encountering a disruption in VPN-router connectivity that is impacting several devices, notably essential remote telemedicine systems and EMR integrations. Attempts to resolve the issue by restarting affected devices and resetting the router have been unsuccessful. We suspect the problem may be related to firmware discrepancies following recent network configuration updates. This disruption is significantly affecting our operations, and we urgently need assistance to identify and fix the root cause. Kindly advise on additional troubleshooting steps.",en,Incident,medium
Immediate Help Needed: Technical Problem with Cloud SaaS Service,"Dear Customer Support Team,\n\nI am submitting a report regarding a technical problem encountered with the Cloud SaaS platform, which is currently disrupting our business activities. I have observed that certain features are not functioning as expected, causing interruptions that hinder workflow efficiency.\n\nIn particular, I am facing sporadic connectivity issues when trying to access the platform. Sometimes, the system fails to load the dashboard, and the data displayed appears outdated or incomplete. Furthermore, the response times for executing commands have significantly increased, resulting in delays.",en,Problem,medium
Inquiry for Detailed Information on Agency Offerings,"Dear Customer Support Team,\n\nI hope this message reaches you well. I am writing to request detailed information about the services provided by your agency. Specifically, I am interested in understanding the variety of services available, the pricing models, and any special packages or offers that might be applicable.\n\nAdditionally, I would appreciate it if you could send brochures, service contracts, and case studies highlighting your previous work and client success stories. This information will greatly help me in making an informed decision.",en,Request,high